{
    "pick_up": [
        0.5666666666666667,
        5.633333333333334,
        9.833333333333334,
        13.9,
        17.9,
        22.766666666666666,
        27.066666666666666,
        31.9,
        35.833333333333336,
        40.86666666666667,
        46.36666666666667,
        50.2,
        54.833333333333336,
        59.46666666666667,
        63.666666666666664,
        68.5,
        77.1,
        81.63333333333334,
        86.43333333333334,
        91.2,
        95.5,
        100.2,
        104.53333333333333,
        108.96666666666667,
        113.7,
        118.16666666666667,
        122.73333333333333,
        127.63333333333334,
        133.7,
        137.6,
        141.3,
        145.66666666666666,
        149.9,
        154.13333333333333,
        159.2
    ],
    "probe_pass": [
        2.5,
        5.366666666666666,
        10.5,
        14.5,
        23.633333333333333,
        26.8,
        31.666666666666668,
        36.7,
        43.233333333333334,
        47.2,
        51.733333333333334,
        55.56666666666667,
        60.4,
        64.83333333333333,
        73.7,
        78.33333333333333,
        83.13333333333334,
        91.96666666666667,
        96.86666666666666,
        105.33333333333333,
        109.8,
        114.5,
        117.93333333333334,
        124.43333333333334,
        129.2,
        134.33333333333334,
        137.3,
        142.06666666666666,
        146.36666666666667,
        150.93333333333334
    ],
    "marking": [
        1.1,
        4.1,
        7.566666666666666,
        12.333333333333334,
        16.133333333333333,
        25.533333333333335,
        29.333333333333332,
        33.266666666666666,
        36.666666666666664,
        39.43333333333333,
        44.9,
        48.766666666666666,
        51.166666666666664,
        53.43333333333333,
        58.03333333333333,
        62.13333333333333,
        66.53333333333333,
        73.56666666666666,
        75.56666666666666,
        80.1,
        84.9,
        87.06666666666666,
        89.63333333333334,
        93.93333333333334,
        98.73333333333333,
        103.13333333333334,
        106.9,
        112.13333333333334,
        115.96666666666667,
        120.83333333333333,
        125.93333333333334,
        130.33333333333334,
        132.33333333333334,
        136.06666666666666,
        139.73333333333332,
        143.1,
        147.53333333333333,
        152.66666666666666
    ],
    "place_in_box": [
        5.4,
        8.966666666666667,
        12.8,
        16.766666666666666,
        19.2,
        26.833333333333332,
        31.7,
        34.766666666666666,
        39.96666666666667,
        45.53333333333333,
        49.36666666666667,
        53.96666666666667,
        58.666666666666664,
        62.766666666666666,
        67.16666666666667,
        76.16666666666667,
        80.73333333333333,
        85.53333333333333,
        90.33333333333333,
        94.53333333333333,
        99.26666666666667,
        103.63333333333334,
        108.03333333333333,
        112.8,
        117.96666666666667,
        121.93333333333334,
        126.73333333333333,
        132.76666666666668,
        137.3,
        140.36666666666667,
        144.76666666666668,
        149.13333333333333,
        153.2,
        155.2,
        159.7
    ]
}